{
  "hag_histogram": {
    "edges_m": [
      0.0,
      0.5,
      1.0,
      2.0,
      5.0,
      10.0,
      15.0,
      27.869
    ],
    "counts": [
      24562939,
      2228841,
      2513024,
      4633874,
      3629870,
      545783,
      48157
    ],
    "proportions": [
      0.643641,
      0.058404,
      0.065851,
      0.121425,
      0.095116,
      0.014302,
      0.001262
    ]
  },
  "label_distribution": {
    "labels": [
      -1,
      0,
      1
    ],
    "names": [
      "gap_buffer",
      "non_building",
      "building"
    ],
    "counts": [
      1430794,
      29168444,
      7563250
    ],
    "proportions": [
      0.037492,
      0.764322,
      0.198185
    ]
  },
  "intensity_histogram": {
    "bin_edges": [
      0.0,
      12.8,
      25.5,
      38.2,
      51.0,
      63.8,
      76.5,
      89.2,
      102.0,
      114.8,
      127.5,
      140.2,
      153.0,
      165.8,
      178.5,
      191.2,
      204.0,
      216.8,
      229.5,
      242.2,
      255.0
    ],
    "counts": [
      22583990,
      10065921,
      3059765,
      1065619,
      637797,
      311964,
      190739,
      146962,
      29660,
      8310,
      3525,
      1853,
      3252,
      2793,
      1815,
      1327,
      1281,
      1821,
      1543,
      3143
    ],
    "percentiles": {
      "p1": NaN,
      "p5": NaN,
      "p25": NaN,
      "p50": NaN,
      "p75": NaN,
      "p95": NaN,
      "p99": NaN
    }
  },
  "surface_orientation": {
    "horizontal_count": 38162488,
    "horizontal_pct": 1.0,
    "diagonal_count": 0,
    "diagonal_pct": 0.0,
    "vertical_count": 0,
    "vertical_pct": 0.0
  },
  "point_spacing_histogram": {
    "bin_edges": [
      -0.8946,
      -0.195,
      0.5046,
      1.2042,
      1.9038,
      2.6033,
      3.3029,
      4.0025,
      4.7021,
      5.4017,
      6.1013,
      6.8009,
      7.5004,
      8.2,
      8.8996,
      9.5992,
      10.2988,
      10.9984,
      11.698,
      12.3975,
      13.0971
    ],
    "counts": [
      21068965,
      10004515,
      3165115,
      1667540,
      1155595,
      586183,
      267607,
      94334,
      44077,
      46022,
      17386,
      8093,
      14789,
      6404,
      3404,
      0,
      3792,
      3989,
      0,
      4678
    ],
    "percentiles": {
      "p1": -0.8886,
      "p10": -0.8228,
      "p25": -0.6612,
      "p50": -0.2843,
      "p75": 0.2213,
      "p90": 1.2354,
      "p99": 3.5689
    }
  }
}